,x0_alpha_neg,x0_alpha_pos,x0_beta,x0_exp,xopt_alpha_neg,xopt_alpha_pos,xopt_beta,xopt_exp,neglogprob
0,0.5,0.34020547810134993,4.112370688641948,0.7509793246912979,,0.9375292140692483,0.21005874947855036,0.6503483428353483,35.66681289141186
1,0.5,0.5027821942506094,1.9358343230675263,0.6765473733798079,,0.937529216156108,0.2100589749006872,0.6503481816068029,35.66681289141586
2,0.5,0.21272049941657312,4.805060539012981,0.9199528384496147,,0.2710491976740377,3.8039956804821515,1.0245961607786644,1702.0428633360273
