,x0_alpha_neg,x0_alpha_pos,x0_beta,x0_exp_neg,x0_exp_pos,xopt_alpha_neg,xopt_alpha_pos,xopt_beta,xopt_exp_neg,xopt_exp_pos,neglogprob
0,0.0559104685771028,0.8302567408745982,0.44535514793288933,0.8243456609868433,0.6750013816278425,0.009254396265729874,0.03715108976525777,3.974939939451552,0.8195824812214199,0.7677353262671731,29.97054654466068
2,0.5088388763175856,0.13830929542740522,2.2967859647469844,0.5300218066596258,0.13332895328858396,0.02716197579104565,0.07078515933435928,0.6540869137168688,0.8862749920075608,0.904798642586842,31.091906517536955
1,0.13387528278426075,0.9014164839347639,0.9591085539965666,0.33872490209261474,0.47006675713959123,inf,inf,inf,inf,inf,
